arrival_date,bookings,day_of_week,is_weekend,month,is_holiday,lag_1,lag_7,rolling_7,rolling_14
2024-02-11,35,6,1,2,0,84.0,54.0,69.28571428571429,73.28571428571429
2024-02-12,102,0,0,2,0,35.0,69.0,74.0,71.85714285714286
2024-02-13,103,1,0,2,0,102.0,80.0,77.28571428571429,72.57142857142857
2024-02-14,151,2,0,2,0,103.0,51.0,91.57142857142857,79.35714285714286
2024-02-15,155,3,0,2,0,151.0,103.0,99.0,84.14285714285714
2024-02-16,54,4,0,2,0,155.0,63.0,97.71428571428571,84.21428571428571
2024-02-17,125,5,1,2,0,54.0,84.0,103.57142857142857,87.78571428571429
2024-02-18,71,6,1,2,0,125.0,35.0,108.71428571428571,89.0
2024-02-19,127,0,0,2,1,71.0,102.0,112.28571428571429,93.14285714285714
2024-02-20,125,1,0,2,0,127.0,103.0,115.42857142857143,96.35714285714286
2024-02-21,64,2,0,2,0,125.0,151.0,103.0,97.28571428571429
2024-02-22,204,3,0,2,0,64.0,155.0,110.0,104.5
2024-02-23,47,4,0,2,0,204.0,54.0,109.0,103.35714285714286
2024-02-24,170,5,1,2,0,47.0,125.0,115.42857142857143,109.5
2024-02-25,34,6,1,2,0,170.0,71.0,110.14285714285714,109.42857142857143
2024-02-26,50,0,0,2,0,34.0,127.0,99.14285714285714,105.71428571428571
2024-02-27,99,1,0,2,0,50.0,125.0,95.42857142857143,105.42857142857143
2024-02-28,69,2,0,2,0,99.0,64.0,96.14285714285714,99.57142857142857
2024-02-29,110,3,0,2,0,69.0,204.0,82.71428571428571,96.35714285714286
2024-03-01,50,4,0,3,0,110.0,47.0,83.14285714285714,96.07142857142857
2024-03-02,183,5,1,3,0,50.0,170.0,85.0,100.21428571428571
2024-03-03,51,6,1,3,0,183.0,34.0,87.42857142857143,98.78571428571429
2024-03-04,154,0,0,3,0,51.0,50.0,102.28571428571429,100.71428571428571
2024-03-05,75,1,0,3,0,154.0,99.0,98.85714285714286,97.14285714285714
2024-03-06,133,2,0,3,0,75.0,69.0,108.0,102.07142857142857
2024-03-07,206,3,0,3,0,133.0,110.0,121.71428571428571,102.21428571428571
2024-03-08,85,4,0,3,0,206.0,50.0,126.71428571428571,104.92857142857143
2024-03-09,207,5,1,3,0,85.0,183.0,130.14285714285714,107.57142857142857
2024-03-10,117,6,1,3,0,207.0,51.0,139.57142857142858,113.5
2024-03-11,133,0,0,3,0,117.0,154.0,136.57142857142858,119.42857142857143
2024-03-12,107,1,0,3,0,133.0,75.0,141.14285714285714,120.0
2024-03-13,329,2,0,3,0,107.0,133.0,169.14285714285714,138.57142857142858
2024-03-14,190,3,0,3,0,329.0,206.0,166.85714285714286,144.28571428571428
2024-03-15,98,4,0,3,0,190.0,85.0,168.71428571428572,147.71428571428572
2024-03-16,188,5,1,3,0,98.0,207.0,166.0,148.07142857142858
2024-03-17,94,6,1,3,0,188.0,117.0,162.71428571428572,151.14285714285714
2024-03-18,66,0,0,3,0,94.0,133.0,153.14285714285714,144.85714285714286
2024-03-19,110,1,0,3,0,66.0,107.0,153.57142857142858,147.35714285714286
2024-03-20,75,2,0,3,0,110.0,329.0,117.28571428571429,143.21428571428572
2024-03-21,139,3,0,3,0,75.0,190.0,110.0,138.42857142857142
2024-03-22,79,4,0,3,0,139.0,98.0,107.28571428571429,138.0
2024-03-23,153,5,1,3,0,79.0,188.0,102.28571428571429,134.14285714285714
2024-03-24,126,6,1,3,0,153.0,94.0,106.85714285714286,134.78571428571428
2024-03-25,122,0,0,3,0,126.0,66.0,114.85714285714286,134.0
2024-03-26,100,1,0,3,0,122.0,110.0,113.42857142857143,133.5
2024-03-27,84,2,0,3,0,100.0,75.0,114.71428571428571,116.0
2024-03-28,109,3,0,3,0,84.0,139.0,110.42857142857143,110.21428571428571
2024-03-29,101,4,0,3,0,109.0,79.0,113.57142857142857,110.42857142857143
2024-03-30,115,5,1,3,0,101.0,153.0,108.14285714285714,105.21428571428571
2024-03-31,100,6,1,3,0,115.0,126.0,104.42857142857143,105.64285714285714
2024-04-01,128,0,0,4,0,100.0,122.0,105.28571428571429,110.07142857142857
2024-04-02,155,1,0,4,0,128.0,100.0,113.14285714285714,113.28571428571429
2024-04-03,192,2,0,4,0,155.0,84.0,128.57142857142858,121.64285714285714
2024-04-04,240,3,0,4,0,192.0,109.0,147.28571428571428,128.85714285714286
2024-04-05,152,4,0,4,0,240.0,101.0,154.57142857142858,134.07142857142858
2024-04-06,133,5,1,4,0,152.0,115.0,157.14285714285714,132.64285714285714
2024-04-07,104,6,1,4,0,133.0,100.0,157.71428571428572,131.07142857142858
2024-04-08,201,0,0,4,0,104.0,128.0,168.14285714285714,136.71428571428572
2024-04-09,139,1,0,4,0,201.0,155.0,165.85714285714286,139.5
2024-04-10,212,2,0,4,0,139.0,192.0,168.71428571428572,148.64285714285714
2024-04-11,191,3,0,4,0,212.0,240.0,161.71428571428572,154.5
2024-04-12,65,4,0,4,0,191.0,152.0,149.28571428571428,151.92857142857142
2024-04-13,149,5,1,4,0,65.0,133.0,151.57142857142858,154.35714285714286
2024-04-14,121,6,1,4,0,149.0,104.0,154.0,155.85714285714286
2024-04-15,170,0,0,4,0,121.0,201.0,149.57142857142858,158.85714285714286
2024-04-16,331,1,0,4,0,170.0,139.0,177.0,171.42857142857142
2024-04-17,340,2,0,4,0,331.0,212.0,195.28571428571428,182.0
2024-04-18,195,3,0,4,0,340.0,191.0,195.85714285714286,178.78571428571428
2024-04-19,129,4,0,4,0,195.0,65.0,205.0,177.14285714285714
2024-04-20,226,5,1,4,0,129.0,149.0,216.0,183.78571428571428
2024-04-21,101,6,1,4,0,226.0,121.0,213.14285714285714,183.57142857142858
2024-04-22,159,0,0,4,0,101.0,170.0,211.57142857142858,180.57142857142858
2024-04-23,216,1,0,4,0,159.0,331.0,195.14285714285714,186.07142857142858
2024-04-24,275,2,0,4,0,216.0,340.0,185.85714285714286,190.57142857142858
2024-04-25,198,3,0,4,0,275.0,195.0,186.28571428571428,191.07142857142858
2024-04-26,69,4,0,4,0,198.0,129.0,177.71428571428572,191.35714285714286
2024-04-27,107,5,1,4,0,69.0,226.0,160.71428571428572,188.35714285714286
2024-04-28,111,6,1,4,0,107.0,101.0,162.14285714285714,187.64285714285714
2024-04-29,205,0,0,4,0,111.0,159.0,168.71428571428572,190.14285714285714
2024-04-30,121,1,0,4,0,205.0,216.0,155.14285714285714,175.14285714285714
2024-05-01,204,2,0,5,0,121.0,275.0,145.0,165.42857142857142
2024-05-02,211,3,0,5,0,204.0,198.0,146.85714285714286,166.57142857142858
2024-05-03,185,4,0,5,0,211.0,69.0,163.42857142857142,170.57142857142858
2024-05-04,223,5,1,5,0,185.0,107.0,180.0,170.35714285714286
2024-05-05,179,6,1,5,0,223.0,111.0,189.71428571428572,175.92857142857142
2024-05-06,190,0,0,5,0,179.0,205.0,187.57142857142858,178.14285714285714
2024-05-07,164,1,0,5,0,190.0,121.0,193.71428571428572,174.42857142857142
2024-05-08,210,2,0,5,0,164.0,204.0,194.57142857142858,169.78571428571428
2024-05-09,250,3,0,5,0,210.0,211.0,200.14285714285714,173.5
2024-05-10,102,4,0,5,0,250.0,185.0,188.28571428571428,175.85714285714286
2024-05-11,208,5,1,5,0,102.0,223.0,186.14285714285714,183.07142857142858
2024-05-12,98,6,1,5,0,208.0,179.0,174.57142857142858,182.14285714285714
2024-05-13,73,0,0,5,0,98.0,190.0,157.85714285714286,172.71428571428572
2024-05-14,255,1,0,5,0,73.0,164.0,170.85714285714286,182.28571428571428
2024-05-15,356,2,0,5,0,255.0,210.0,191.71428571428572,193.14285714285714
2024-05-16,130,3,0,5,0,356.0,250.0,174.57142857142858,187.35714285714286
2024-05-17,116,4,0,5,0,130.0,102.0,176.57142857142858,182.42857142857142
2024-05-18,229,5,1,5,0,116.0,208.0,179.57142857142858,182.85714285714286
2024-05-19,109,6,1,5,0,229.0,98.0,181.14285714285714,177.85714285714286
2024-05-20,131,0,0,5,0,109.0,73.0,189.42857142857142,173.64285714285714
2024-05-21,88,1,0,5,0,131.0,255.0,165.57142857142858,168.21428571428572
2024-05-22,99,2,0,5,0,88.0,356.0,128.85714285714286,160.28571428571428
2024-05-23,160,3,0,5,0,99.0,130.0,133.14285714285714,153.85714285714286
2024-05-24,148,4,0,5,0,160.0,116.0,137.71428571428572,157.14285714285714
2024-05-25,97,5,1,5,0,148.0,229.0,118.85714285714286,149.21428571428572
2024-05-26,53,6,1,5,0,97.0,109.0,110.85714285714286,146.0
2024-05-27,141,0,0,5,1,53.0,131.0,112.28571428571429,150.85714285714286
2024-05-28,130,1,0,5,0,141.0,88.0,118.28571428571429,141.92857142857142
2024-05-29,106,2,0,5,0,130.0,99.0,119.28571428571429,124.07142857142857
2024-05-30,191,3,0,5,0,106.0,160.0,123.71428571428571,128.42857142857142
2024-05-31,57,4,0,5,0,191.0,148.0,110.71428571428571,124.21428571428571
2024-06-01,77,5,1,6,0,57.0,97.0,107.85714285714286,113.35714285714286
2024-06-02,70,6,1,6,0,77.0,53.0,110.28571428571429,110.57142857142857
2024-06-03,69,0,0,6,0,70.0,141.0,100.0,106.14285714285714
2024-06-04,60,1,0,6,0,69.0,130.0,90.0,104.14285714285714
2024-06-05,101,2,0,6,0,60.0,106.0,89.28571428571429,104.28571428571429
2024-06-06,111,3,0,6,0,101.0,191.0,77.85714285714286,100.78571428571429
2024-06-07,54,4,0,6,0,111.0,57.0,77.42857142857143,94.07142857142857
2024-06-08,82,5,1,6,0,54.0,77.0,78.14285714285714,93.0
2024-06-09,50,6,1,6,0,82.0,70.0,75.28571428571429,92.78571428571429
2024-06-10,72,0,0,6,0,50.0,69.0,75.71428571428571,87.85714285714286
2024-06-11,65,1,0,6,0,72.0,60.0,76.42857142857143,83.21428571428571
2024-06-12,59,2,0,6,0,65.0,101.0,70.42857142857143,79.85714285714286
2024-06-13,39,3,0,6,0,59.0,111.0,60.142857142857146,69.0
2024-06-14,28,4,0,6,0,39.0,54.0,56.42857142857143,66.92857142857143
2024-06-15,74,5,1,6,0,28.0,82.0,55.285714285714285,66.71428571428571
2024-06-16,81,6,1,6,0,74.0,50.0,59.714285714285715,67.5
2024-06-17,173,0,0,6,0,81.0,72.0,74.14285714285714,74.92857142857143
2024-06-18,55,1,0,6,0,173.0,65.0,72.71428571428571,74.57142857142857
2024-06-19,187,2,0,6,1,55.0,59.0,91.0,80.71428571428571
2024-06-20,86,3,0,6,0,187.0,39.0,97.71428571428571,78.92857142857143
2024-06-21,38,4,0,6,0,86.0,28.0,99.14285714285714,77.78571428571429
2024-06-22,211,5,1,6,0,38.0,74.0,118.71428571428571,87.0
2024-06-23,69,6,1,6,0,211.0,81.0,117.0,88.35714285714286
2024-06-24,47,0,0,6,0,69.0,173.0,99.0,86.57142857142857
2024-06-25,56,1,0,6,0,47.0,55.0,99.14285714285714,85.92857142857143
2024-06-26,132,2,0,6,0,56.0,187.0,91.28571428571429,91.14285714285714
2024-06-27,61,3,0,6,0,132.0,86.0,87.71428571428571,92.71428571428571
2024-06-28,20,4,0,6,0,61.0,38.0,85.14285714285714,92.14285714285714
2024-06-29,56,5,1,6,0,20.0,211.0,63.0,90.85714285714286
2024-06-30,57,6,1,6,0,56.0,69.0,61.285714285714285,89.14285714285714
2024-07-01,58,0,0,7,0,57.0,47.0,62.857142857142854,80.92857142857143
2024-07-02,83,1,0,7,0,58.0,56.0,66.71428571428571,82.92857142857143
2024-07-03,123,2,0,7,0,83.0,132.0,65.42857142857143,78.35714285714286
2024-07-04,448,3,0,7,1,123.0,61.0,120.71428571428571,104.21428571428571
2024-07-05,63,4,0,7,0,448.0,20.0,126.85714285714286,106.0
2024-07-06,27,5,1,7,0,63.0,56.0,122.71428571428571,92.85714285714286
2024-07-07,191,6,1,7,0,27.0,57.0,141.85714285714286,101.57142857142857
2024-07-08,152,0,0,7,0,191.0,58.0,155.28571428571428,109.07142857142857
2024-07-09,81,1,0,7,0,152.0,83.0,155.0,110.85714285714286
2024-07-10,50,2,0,7,0,81.0,123.0,144.57142857142858,105.0
2024-07-11,43,3,0,7,0,50.0,448.0,86.71428571428571,103.71428571428571
2024-07-12,19,4,0,7,0,43.0,63.0,80.42857142857143,103.64285714285714
2024-07-13,39,5,1,7,0,19.0,27.0,82.14285714285714,102.42857142857143
2024-07-14,29,6,1,7,0,39.0,191.0,59.0,100.42857142857143
2024-07-15,43,0,0,7,0,29.0,152.0,43.42857142857143,99.35714285714286
2024-07-16,49,1,0,7,0,43.0,81.0,38.857142857142854,96.92857142857143
2024-07-17,47,2,0,7,0,49.0,50.0,38.42857142857143,91.5
2024-07-18,89,3,0,7,0,47.0,43.0,45.0,65.85714285714286
2024-07-19,38,4,0,7,0,89.0,19.0,47.714285714285715,64.07142857142857
2024-07-20,47,5,1,7,0,38.0,39.0,48.857142857142854,65.5
2024-07-21,72,6,1,7,0,47.0,29.0,55.0,57.0
2024-07-22,63,0,0,7,0,72.0,43.0,57.857142857142854,50.642857142857146
2024-07-23,90,1,0,7,0,63.0,49.0,63.714285714285715,51.285714285714285
2024-07-24,68,2,0,7,0,90.0,47.0,66.71428571428571,52.57142857142857
2024-07-25,112,3,0,7,0,68.0,89.0,70.0,57.5
2024-07-26,123,4,0,7,0,112.0,38.0,82.14285714285714,64.92857142857143
2024-07-27,100,5,1,7,0,123.0,47.0,89.71428571428571,69.28571428571429
2024-07-28,155,6,1,7,0,100.0,72.0,101.57142857142857,78.28571428571429
2024-07-29,238,0,0,7,0,155.0,63.0,126.57142857142857,92.21428571428571
2024-07-30,123,1,0,7,0,238.0,90.0,131.28571428571428,97.5
2024-07-31,44,2,0,7,0,123.0,68.0,127.85714285714286,97.28571428571429
2024-08-01,183,3,0,8,0,44.0,112.0,138.0,104.0
2024-08-02,62,4,0,8,0,183.0,123.0,129.28571428571428,105.71428571428571
2024-08-03,77,5,1,8,0,62.0,100.0,126.0,107.85714285714286
2024-08-04,47,6,1,8,0,77.0,155.0,110.57142857142857,106.07142857142857
2024-08-05,49,0,0,8,0,47.0,238.0,83.57142857142857,105.07142857142857
2024-08-06,49,1,0,8,0,49.0,123.0,73.0,102.14285714285714
2024-08-07,59,2,0,8,0,49.0,44.0,75.14285714285714,101.5
2024-08-08,54,3,0,8,0,59.0,183.0,56.714285714285715,97.35714285714286
2024-08-09,46,4,0,8,0,54.0,62.0,54.42857142857143,91.85714285714286
2024-08-10,40,5,1,8,0,46.0,77.0,49.142857142857146,87.57142857142857
2024-08-11,69,6,1,8,0,40.0,47.0,52.285714285714285,81.42857142857143
2024-08-12,48,0,0,8,0,69.0,49.0,52.142857142857146,67.85714285714286
2024-08-13,96,1,0,8,0,48.0,49.0,58.857142857142854,65.92857142857143
2024-08-14,83,2,0,8,0,96.0,59.0,62.285714285714285,68.71428571428571
2024-08-15,67,3,0,8,0,83.0,54.0,64.14285714285714,60.42857142857143
2024-08-16,37,4,0,8,0,67.0,46.0,62.857142857142854,58.642857142857146
2024-08-17,60,5,1,8,0,37.0,40.0,65.71428571428571,57.42857142857143
2024-08-18,147,6,1,8,0,60.0,69.0,76.85714285714286,64.57142857142857
2024-08-19,64,0,0,8,0,147.0,48.0,79.14285714285714,65.64285714285714
2024-08-20,61,1,0,8,0,64.0,96.0,74.14285714285714,66.5
2024-08-21,134,2,0,8,0,61.0,83.0,81.42857142857143,71.85714285714286
2024-08-22,70,3,0,8,0,134.0,67.0,81.85714285714286,73.0
2024-08-23,36,4,0,8,0,70.0,37.0,81.71428571428571,72.28571428571429
2024-08-24,79,5,1,8,0,36.0,60.0,84.42857142857143,75.07142857142857
2024-08-25,69,6,1,8,0,79.0,147.0,73.28571428571429,75.07142857142857
2024-08-26,155,0,0,8,0,69.0,64.0,86.28571428571429,82.71428571428571
2024-08-27,86,1,0,8,0,155.0,61.0,89.85714285714286,82.0
2024-08-28,86,2,0,8,0,86.0,134.0,83.0,82.21428571428571
2024-08-29,58,3,0,8,0,86.0,70.0,81.28571428571429,81.57142857142857
2024-08-30,33,4,0,8,0,58.0,36.0,80.85714285714286,81.28571428571429
2024-08-31,62,5,1,8,0,33.0,79.0,78.42857142857143,81.42857142857143
2024-09-01,67,6,1,9,0,62.0,69.0,78.14285714285714,75.71428571428571
2024-09-02,84,0,0,9,1,67.0,155.0,68.0,77.14285714285714
2024-09-03,105,1,0,9,0,84.0,86.0,70.71428571428571,80.28571428571429
2024-09-04,126,2,0,9,0,105.0,86.0,76.42857142857143,79.71428571428571
2024-09-05,219,3,0,9,0,126.0,58.0,99.42857142857143,90.35714285714286
2024-09-06,129,4,0,9,0,219.0,33.0,113.14285714285714,97.0
2024-09-07,86,5,1,9,0,129.0,62.0,116.57142857142857,97.5
2024-09-08,75,6,1,9,0,86.0,67.0,117.71428571428571,97.92857142857143
2024-09-09,79,0,0,9,0,75.0,84.0,117.0,92.5
2024-09-10,104,1,0,9,0,79.0,105.0,116.85714285714286,93.78571428571429
2024-09-11,293,2,0,9,0,104.0,126.0,140.71428571428572,108.57142857142857
2024-09-12,183,3,0,9,0,293.0,219.0,135.57142857142858,117.5
2024-09-13,104,4,0,9,0,183.0,129.0,132.0,122.57142857142857
2024-09-14,88,5,1,9,0,104.0,86.0,132.28571428571428,124.42857142857143
2024-09-15,78,6,1,9,0,88.0,75.0,132.71428571428572,125.21428571428571
2024-09-16,286,0,0,9,0,78.0,79.0,162.28571428571428,139.64285714285714
2024-09-17,83,1,0,9,0,286.0,104.0,159.28571428571428,138.07142857142858
2024-09-18,247,2,0,9,0,83.0,293.0,152.71428571428572,146.71428571428572
2024-09-19,107,3,0,9,0,247.0,183.0,141.85714285714286,138.71428571428572
2024-09-20,106,4,0,9,0,107.0,104.0,142.14285714285714,137.07142857142858
2024-09-21,108,5,1,9,0,106.0,88.0,145.0,138.64285714285714
2024-09-22,68,6,1,9,0,108.0,78.0,143.57142857142858,138.14285714285714
2024-09-23,104,0,0,9,0,68.0,286.0,117.57142857142857,139.92857142857142
2024-09-24,154,1,0,9,0,104.0,83.0,127.71428571428571,143.5
2024-09-25,245,2,0,9,0,154.0,247.0,127.42857142857143,140.07142857142858
2024-09-26,211,3,0,9,0,245.0,107.0,142.28571428571428,142.07142857142858
2024-09-27,194,4,0,9,0,211.0,106.0,154.85714285714286,148.5
2024-09-28,96,5,1,9,0,194.0,108.0,153.14285714285714,149.07142857142858
2024-09-29,123,6,1,9,0,96.0,68.0,161.0,152.28571428571428
2024-09-30,160,0,0,9,0,123.0,104.0,169.0,143.28571428571428
2024-10-01,109,1,0,10,0,160.0,154.0,162.57142857142858,145.14285714285714
2024-10-02,214,2,0,10,0,109.0,245.0,158.14285714285714,142.78571428571428
2024-10-03,131,3,0,10,0,214.0,211.0,146.71428571428572,144.5
2024-10-04,67,4,0,10,0,131.0,194.0,128.57142857142858,141.71428571428572
2024-10-05,149,5,1,10,0,67.0,96.0,136.14285714285714,144.64285714285714
2024-10-06,118,6,1,10,0,149.0,123.0,135.42857142857142,148.21428571428572
2024-10-07,143,0,0,10,0,118.0,160.0,133.0,151.0
2024-10-08,108,1,0,10,0,143.0,109.0,132.85714285714286,147.71428571428572
2024-10-09,183,2,0,10,0,108.0,214.0,128.42857142857142,143.28571428571428
2024-10-10,131,3,0,10,0,183.0,131.0,128.42857142857142,137.57142857142858
2024-10-11,103,4,0,10,0,131.0,67.0,133.57142857142858,131.07142857142858
2024-10-12,117,5,1,10,0,103.0,149.0,129.0,132.57142857142858
2024-10-13,112,6,1,10,0,117.0,118.0,128.14285714285714,131.78571428571428
2024-10-14,118,0,0,10,1,112.0,143.0,124.57142857142857,128.78571428571428
2024-10-15,188,1,0,10,0,118.0,108.0,136.0,134.42857142857142
2024-10-16,199,2,0,10,0,188.0,183.0,138.28571428571428,133.35714285714286
2024-10-17,213,3,0,10,0,199.0,131.0,150.0,139.21428571428572
2024-10-18,244,4,0,10,0,213.0,103.0,170.14285714285714,151.85714285714286
2024-10-19,183,5,1,10,0,244.0,117.0,179.57142857142858,154.28571428571428
2024-10-20,157,6,1,10,0,183.0,112.0,186.0,157.07142857142858
2024-10-21,128,0,0,10,0,157.0,118.0,187.42857142857142,156.0
2024-10-22,295,1,0,10,0,128.0,188.0,202.71428571428572,169.35714285714286
2024-10-23,227,2,0,10,0,295.0,199.0,206.71428571428572,172.5
2024-10-24,107,3,0,10,0,227.0,213.0,191.57142857142858,170.78571428571428
2024-10-25,105,4,0,10,0,107.0,244.0,171.71428571428572,170.92857142857142
2024-10-26,169,5,1,10,0,105.0,183.0,169.71428571428572,174.64285714285714
2024-10-27,119,6,1,10,0,169.0,157.0,164.28571428571428,175.14285714285714
2024-10-28,166,0,0,10,0,119.0,128.0,169.71428571428572,178.57142857142858
2024-10-29,238,1,0,10,0,166.0,295.0,161.57142857142858,182.14285714285714
2024-10-30,104,2,0,10,0,238.0,227.0,144.0,175.35714285714286
2024-10-31,102,3,0,10,0,104.0,107.0,143.28571428571428,167.42857142857142
2024-11-01,100,4,0,11,0,102.0,105.0,142.57142857142858,157.14285714285714
2024-11-02,211,5,1,11,0,100.0,169.0,148.57142857142858,159.14285714285714
2024-11-03,115,6,1,11,0,211.0,119.0,148.0,156.14285714285714
2024-11-04,237,0,0,11,0,115.0,166.0,158.14285714285714,163.92857142857142
2024-11-05,196,1,0,11,0,237.0,238.0,152.14285714285714,156.85714285714286
2024-11-06,182,2,0,11,0,196.0,104.0,163.28571428571428,153.64285714285714
2024-11-07,229,3,0,11,0,182.0,102.0,181.42857142857142,162.35714285714286
2024-11-08,126,4,0,11,0,229.0,100.0,185.14285714285714,163.85714285714286
2024-11-09,188,5,1,11,0,126.0,211.0,181.85714285714286,165.21428571428572
2024-11-10,158,6,1,11,0,188.0,115.0,188.0,168.0
2024-11-11,177,0,0,11,1,158.0,237.0,179.42857142857142,168.78571428571428
2024-11-12,203,1,0,11,0,177.0,196.0,180.42857142857142,166.28571428571428
2024-11-13,160,2,0,11,0,203.0,182.0,177.28571428571428,170.28571428571428
2024-11-14,164,3,0,11,0,160.0,229.0,168.0,174.71428571428572
2024-11-15,157,4,0,11,0,164.0,126.0,172.42857142857142,178.78571428571428
2024-11-16,207,5,1,11,0,157.0,188.0,175.14285714285714,178.5
2024-11-17,171,6,1,11,0,207.0,158.0,177.0,182.5
2024-11-18,224,0,0,11,0,171.0,177.0,183.71428571428572,181.57142857142858
2024-11-19,146,1,0,11,0,224.0,203.0,175.57142857142858,178.0
2024-11-20,263,2,0,11,0,146.0,160.0,190.28571428571428,183.78571428571428
2024-11-21,171,3,0,11,0,263.0,164.0,191.28571428571428,179.64285714285714
2024-11-22,169,4,0,11,0,171.0,157.0,193.0,182.71428571428572
2024-11-23,149,5,1,11,0,169.0,207.0,184.71428571428572,179.92857142857142
2024-11-24,174,6,1,11,0,149.0,171.0,185.14285714285714,181.07142857142858
2024-11-25,179,0,0,11,0,174.0,224.0,178.71428571428572,181.21428571428572
2024-11-26,292,1,0,11,0,179.0,146.0,199.57142857142858,187.57142857142858
2024-11-27,266,2,0,11,0,292.0,263.0,200.0,195.14285714285714
2024-11-28,208,3,0,11,1,266.0,171.0,205.28571428571428,198.28571428571428
2024-11-29,91,4,0,11,0,208.0,169.0,194.14285714285714,193.57142857142858
2024-11-30,263,5,1,11,0,91.0,149.0,210.42857142857142,197.57142857142858
2024-12-01,93,6,1,12,0,263.0,174.0,198.85714285714286,192.0
2024-12-02,134,0,0,12,0,93.0,179.0,192.42857142857142,185.57142857142858
2024-12-03,271,1,0,12,0,134.0,292.0,189.42857142857142,194.5
2024-12-04,128,2,0,12,0,271.0,266.0,169.71428571428572,184.85714285714286
2024-12-05,149,3,0,12,0,128.0,208.0,161.28571428571428,183.28571428571428
2024-12-06,148,4,0,12,0,149.0,91.0,169.42857142857142,181.78571428571428
2024-12-07,168,5,1,12,0,148.0,263.0,155.85714285714286,183.14285714285714
2024-12-08,153,6,1,12,0,168.0,93.0,164.42857142857142,181.64285714285714
2024-12-09,132,0,0,12,0,153.0,134.0,164.14285714285714,178.28571428571428
2024-12-10,271,1,0,12,0,132.0,271.0,164.14285714285714,176.78571428571428
2024-12-11,237,2,0,12,0,271.0,128.0,179.71428571428572,174.71428571428572
2024-12-12,154,3,0,12,0,237.0,149.0,180.42857142857142,170.85714285714286
2024-12-13,187,4,0,12,0,154.0,148.0,186.0,177.71428571428572
2024-12-14,219,5,1,12,0,187.0,168.0,193.28571428571428,174.57142857142858
2024-12-15,228,6,1,12,0,219.0,153.0,204.0,184.21428571428572
2024-12-16,136,0,0,12,0,228.0,132.0,204.57142857142858,184.35714285714286
2024-12-17,264,1,0,12,0,136.0,271.0,203.57142857142858,183.85714285714286
2024-12-18,227,2,0,12,0,264.0,237.0,202.14285714285714,190.92857142857142
2024-12-19,191,3,0,12,0,227.0,154.0,207.42857142857142,193.92857142857142
2024-12-20,129,4,0,12,0,191.0,187.0,199.14285714285714,192.57142857142858
2024-12-21,134,5,1,12,0,129.0,219.0,187.0,190.14285714285714
2024-12-22,221,6,1,12,0,134.0,228.0,186.0,195.0
2024-12-23,109,0,0,12,0,221.0,136.0,182.14285714285714,193.35714285714286
2024-12-24,276,1,0,12,0,109.0,264.0,183.85714285714286,193.71428571428572
2024-12-25,96,2,0,12,1,276.0,227.0,165.14285714285714,183.64285714285714
2024-12-26,95,3,0,12,0,96.0,191.0,151.42857142857142,179.42857142857142
2024-12-27,185,4,0,12,0,95.0,129.0,159.42857142857142,179.28571428571428
2024-12-28,189,5,1,12,0,185.0,134.0,167.28571428571428,177.14285714285714
2024-12-29,200,6,1,12,0,189.0,221.0,164.28571428571428,175.14285714285714
2024-12-30,133,0,0,12,0,200.0,109.0,167.71428571428572,174.92857142857142
2024-12-31,266,1,0,12,0,133.0,276.0,166.28571428571428,175.07142857142858
2025-01-01,193,2,0,1,1,266.0,96.0,180.14285714285714,172.64285714285714
2025-01-02,151,3,0,1,0,193.0,95.0,188.14285714285714,169.78571428571428
2025-01-03,107,4,0,1,0,151.0,185.0,177.0,168.21428571428572
2025-01-04,230,5,1,1,0,107.0,189.0,182.85714285714286,175.07142857142858
2025-01-05,146,6,1,1,0,230.0,200.0,175.14285714285714,169.71428571428572
2025-01-06,200,0,0,1,0,146.0,133.0,184.71428571428572,176.21428571428572
2025-01-07,223,1,0,1,0,200.0,266.0,178.57142857142858,172.42857142857142
2025-01-08,196,2,0,1,0,223.0,193.0,179.0,179.57142857142858
2025-01-09,101,3,0,1,0,196.0,151.0,171.85714285714286,180.0
2025-01-10,224,4,0,1,0,101.0,107.0,188.57142857142858,182.78571428571428
2025-01-11,130,5,1,1,0,224.0,230.0,174.28571428571428,178.57142857142858
2025-01-12,229,6,1,1,0,130.0,146.0,186.14285714285714,180.64285714285714
2025-01-13,284,0,0,1,0,229.0,200.0,198.14285714285714,191.42857142857142
2025-01-14,149,1,0,1,0,284.0,223.0,187.57142857142858,183.07142857142858
2025-01-15,321,2,0,1,0,149.0,196.0,205.42857142857142,192.21428571428572
2025-01-16,131,3,0,1,0,321.0,101.0,209.71428571428572,190.78571428571428
2025-01-17,122,4,0,1,0,131.0,224.0,195.14285714285714,191.85714285714286
2025-01-18,205,5,1,1,0,122.0,130.0,205.85714285714286,190.07142857142858
2025-01-19,133,6,1,1,0,205.0,229.0,192.14285714285714,189.14285714285714
2025-01-20,116,0,0,1,1,133.0,284.0,168.14285714285714,183.14285714285714
2025-01-21,131,1,0,1,0,116.0,149.0,165.57142857142858,176.57142857142858
2025-01-22,273,2,0,1,0,131.0,321.0,158.71428571428572,182.07142857142858
2025-01-23,79,3,0,1,0,273.0,131.0,151.28571428571428,180.5
2025-01-24,226,4,0,1,0,79.0,122.0,166.14285714285714,180.64285714285714
2025-01-25,184,5,1,1,0,226.0,205.0,163.14285714285714,184.5
2025-01-26,133,6,1,1,0,184.0,133.0,163.14285714285714,177.64285714285714
2025-01-27,93,0,0,1,0,133.0,116.0,159.85714285714286,164.0
2025-01-28,183,1,0,1,0,93.0,131.0,167.28571428571428,166.42857142857142
2025-01-29,173,2,0,1,0,183.0,273.0,153.0,155.85714285714286
2025-01-30,134,3,0,1,0,173.0,79.0,160.85714285714286,156.07142857142858
2025-01-31,118,4,0,1,0,134.0,226.0,145.42857142857142,155.78571428571428
2025-02-01,148,5,1,2,0,118.0,184.0,140.28571428571428,151.71428571428572
2025-02-02,109,6,1,2,0,148.0,133.0,136.85714285714286,150.0
2025-02-03,183,0,0,2,0,109.0,93.0,149.71428571428572,154.78571428571428
2025-02-04,170,1,0,2,0,183.0,183.0,147.85714285714286,157.57142857142858
2025-02-05,145,2,0,2,0,170.0,173.0,143.85714285714286,148.42857142857142
2025-02-06,141,3,0,2,0,145.0,134.0,144.85714285714286,152.85714285714286
2025-02-07,106,4,0,2,0,141.0,118.0,143.14285714285714,144.28571428571428
2025-02-08,173,5,1,2,0,106.0,148.0,146.71428571428572,143.5
2025-02-09,127,6,1,2,0,173.0,109.0,149.28571428571428,143.07142857142858
2025-02-10,118,0,0,2,0,127.0,183.0,140.0,144.85714285714286
2025-02-11,160,1,0,2,0,118.0,170.0,138.57142857142858,143.21428571428572
2025-02-12,141,2,0,2,0,160.0,145.0,138.0,140.92857142857142
2025-02-13,176,3,0,2,0,141.0,141.0,143.0,143.92857142857142
2025-02-14,126,4,0,2,0,176.0,106.0,145.85714285714286,144.5
2025-02-15,184,5,1,2,0,126.0,173.0,147.42857142857142,147.07142857142858
2025-02-16,106,6,1,2,0,184.0,127.0,144.42857142857142,146.85714285714286
2025-02-17,150,0,0,2,1,106.0,118.0,149.0,144.5
2025-02-18,216,1,0,2,0,150.0,160.0,157.0,147.78571428571428
2025-02-19,127,2,0,2,0,216.0,141.0,155.0,146.5
2025-02-20,197,3,0,2,0,127.0,176.0,158.0,150.5
2025-02-21,130,4,0,2,0,197.0,126.0,158.57142857142858,152.21428571428572
2025-02-22,173,5,1,2,0,130.0,184.0,157.0,152.21428571428572
2025-02-23,115,6,1,2,0,173.0,106.0,158.28571428571428,151.35714285714286
2025-02-24,143,0,0,2,0,115.0,150.0,157.28571428571428,153.14285714285714
2025-02-25,153,1,0,2,0,143.0,216.0,148.28571428571428,152.64285714285714
2025-02-26,107,2,0,2,0,153.0,127.0,145.42857142857142,150.21428571428572
2025-02-27,209,3,0,2,0,107.0,197.0,147.14285714285714,152.57142857142858
2025-02-28,114,4,0,2,0,209.0,130.0,144.85714285714286,151.71428571428572
2025-03-01,214,5,1,3,0,114.0,173.0,150.71428571428572,153.85714285714286
2025-03-02,137,6,1,3,0,214.0,115.0,153.85714285714286,156.07142857142858
2025-03-03,144,0,0,3,0,137.0,143.0,154.0,155.64285714285714
2025-03-04,175,1,0,3,0,144.0,153.0,157.14285714285714,152.71428571428572
2025-03-05,157,2,0,3,0,175.0,107.0,164.28571428571428,154.85714285714286
2025-03-06,158,3,0,3,0,157.0,209.0,157.0,152.07142857142858
2025-03-07,137,4,0,3,0,158.0,114.0,160.28571428571428,152.57142857142858
2025-03-08,210,5,1,3,0,137.0,214.0,159.71428571428572,155.21428571428572
2025-03-09,122,6,1,3,0,210.0,137.0,157.57142857142858,155.71428571428572
2025-03-10,139,0,0,3,0,122.0,144.0,156.85714285714286,155.42857142857142
2025-03-11,192,1,0,3,0,139.0,175.0,159.28571428571428,158.21428571428572
2025-03-12,172,2,0,3,0,192.0,157.0,161.42857142857142,162.85714285714286
2025-03-13,213,3,0,3,0,172.0,158.0,169.28571428571428,163.14285714285714
2025-03-14,138,4,0,3,0,213.0,137.0,169.42857142857142,164.85714285714286
2025-03-15,177,5,1,3,0,138.0,210.0,164.71428571428572,162.21428571428572
2025-03-16,159,6,1,3,0,177.0,122.0,170.0,163.78571428571428
2025-03-17,146,0,0,3,0,159.0,139.0,171.0,163.92857142857142
2025-03-18,232,1,0,3,0,146.0,192.0,176.71428571428572,168.0
2025-03-19,165,2,0,3,0,232.0,172.0,175.71428571428572,168.57142857142858
2025-03-20,198,3,0,3,0,165.0,213.0,173.57142857142858,171.42857142857142
2025-03-21,154,4,0,3,0,198.0,138.0,175.85714285714286,172.64285714285714
2025-03-22,187,5,1,3,0,154.0,177.0,177.28571428571428,171.0
2025-03-23,116,6,1,3,0,187.0,159.0,171.14285714285714,170.57142857142858
2025-03-24,150,0,0,3,0,116.0,146.0,171.71428571428572,171.35714285714286
2025-03-25,169,1,0,3,0,150.0,232.0,162.71428571428572,169.71428571428572
2025-03-26,170,2,0,3,0,169.0,165.0,163.42857142857142,169.57142857142858
2025-03-27,141,3,0,3,0,170.0,198.0,155.28571428571428,164.42857142857142
2025-03-28,167,4,0,3,0,141.0,154.0,157.14285714285714,166.5
2025-03-29,164,5,1,3,0,167.0,187.0,153.85714285714286,165.57142857142858
2025-03-30,132,6,1,3,0,164.0,116.0,156.14285714285714,163.64285714285714
2025-03-31,128,0,0,3,0,132.0,150.0,153.0,162.35714285714286
2025-04-01,193,1,0,4,0,128.0,169.0,156.42857142857142,159.57142857142858
2025-04-02,174,2,0,4,0,193.0,170.0,157.0,160.21428571428572
2025-04-03,178,3,0,4,0,174.0,141.0,162.28571428571428,158.78571428571428
2025-04-04,132,4,0,4,0,178.0,167.0,157.28571428571428,157.21428571428572
2025-04-05,185,5,1,4,0,132.0,164.0,160.28571428571428,157.07142857142858
2025-04-06,99,6,1,4,0,185.0,132.0,155.57142857142858,155.85714285714286
2025-04-07,133,0,0,4,0,99.0,128.0,156.28571428571428,154.64285714285714
2025-04-08,212,1,0,4,0,133.0,193.0,159.0,157.71428571428572
2025-04-09,221,2,0,4,0,212.0,174.0,165.71428571428572,161.35714285714286
2025-04-10,115,3,0,4,0,221.0,178.0,156.71428571428572,159.5
2025-04-11,172,4,0,4,0,115.0,132.0,162.42857142857142,159.85714285714286
2025-04-12,173,5,1,4,0,172.0,185.0,160.71428571428572,160.5
2025-04-13,166,6,1,4,0,173.0,99.0,170.28571428571428,162.92857142857142
2025-04-14,128,0,0,4,0,166.0,133.0,169.57142857142858,162.92857142857142
2025-04-15,313,1,0,4,0,128.0,212.0,184.0,171.5
2025-04-16,217,2,0,4,0,313.0,221.0,183.42857142857142,174.57142857142858
2025-04-17,121,3,0,4,0,217.0,115.0,184.28571428571428,170.5
2025-04-18,174,4,0,4,0,121.0,172.0,184.57142857142858,173.5
2025-04-19,230,5,1,4,0,174.0,173.0,192.71428571428572,176.71428571428572
2025-04-20,209,6,1,4,0,230.0,166.0,198.85714285714286,184.57142857142858
2025-04-21,208,0,0,4,0,209.0,128.0,210.28571428571428,189.92857142857142
2025-04-22,194,1,0,4,0,208.0,313.0,193.28571428571428,188.64285714285714
2025-04-23,140,2,0,4,0,194.0,217.0,182.28571428571428,182.85714285714286
2025-04-24,122,3,0,4,0,140.0,121.0,182.42857142857142,183.35714285714286
2025-04-25,155,4,0,4,0,122.0,174.0,179.71428571428572,182.14285714285714
2025-04-26,304,5,1,4,0,155.0,230.0,190.28571428571428,191.5
2025-04-27,122,6,1,4,0,304.0,209.0,177.85714285714286,188.35714285714286
2025-04-28,136,0,0,4,0,122.0,208.0,167.57142857142858,188.92857142857142
2025-04-29,182,1,0,4,0,136.0,194.0,165.85714285714286,179.57142857142858
2025-04-30,286,2,0,4,0,182.0,140.0,186.71428571428572,184.5
2025-05-01,184,3,0,5,0,286.0,122.0,195.57142857142858,189.0
2025-05-02,150,4,0,5,0,184.0,155.0,194.85714285714286,187.28571428571428
2025-05-03,199,5,1,5,0,150.0,304.0,179.85714285714286,185.07142857142858
2025-05-04,156,6,1,5,0,199.0,122.0,184.71428571428572,181.28571428571428
2025-05-05,189,0,0,5,0,156.0,136.0,192.28571428571428,179.92857142857142
2025-05-06,289,1,0,5,0,189.0,182.0,207.57142857142858,186.71428571428572
2025-05-07,186,2,0,5,0,289.0,286.0,193.28571428571428,190.0
2025-05-08,129,3,0,5,0,186.0,184.0,185.42857142857142,190.5
2025-05-09,214,4,0,5,0,129.0,150.0,194.57142857142858,194.71428571428572
2025-05-10,213,5,1,5,0,214.0,199.0,196.57142857142858,188.21428571428572
2025-05-11,182,6,1,5,0,213.0,156.0,200.28571428571428,192.5
2025-05-12,256,0,0,5,0,182.0,189.0,209.85714285714286,201.07142857142858
2025-05-13,344,1,0,5,0,256.0,289.0,217.71428571428572,212.64285714285714
2025-05-14,195,2,0,5,0,344.0,186.0,219.0,206.14285714285714
2025-05-15,130,3,0,5,0,195.0,129.0,219.14285714285714,202.28571428571428
2025-05-16,281,4,0,5,0,130.0,214.0,228.71428571428572,211.64285714285714
2025-05-17,209,5,1,5,0,281.0,213.0,228.14285714285714,212.35714285714286
2025-05-18,136,6,1,5,0,209.0,182.0,221.57142857142858,210.92857142857142
2025-05-19,125,0,0,5,0,136.0,256.0,202.85714285714286,206.35714285714286
2025-05-20,247,1,0,5,0,125.0,344.0,189.0,203.35714285714286
2025-05-21,247,2,0,5,0,247.0,195.0,196.42857142857142,207.71428571428572
2025-05-22,175,3,0,5,0,247.0,130.0,202.85714285714286,211.0
2025-05-23,192,4,0,5,0,175.0,281.0,190.14285714285714,209.42857142857142
2025-05-24,136,5,1,5,0,192.0,209.0,179.71428571428572,203.92857142857142
2025-05-25,155,6,1,5,0,136.0,136.0,182.42857142857142,202.0
2025-05-26,156,0,0,5,1,155.0,125.0,186.85714285714286,194.85714285714286
2025-05-27,194,1,0,5,0,156.0,247.0,179.28571428571428,184.14285714285714
2025-05-28,334,2,0,5,0,194.0,247.0,191.71428571428572,194.07142857142858
2025-05-29,239,3,0,5,0,334.0,175.0,200.85714285714286,201.85714285714286
2025-05-30,214,4,0,5,0,239.0,192.0,204.0,197.07142857142858
2025-05-31,147,5,1,5,0,214.0,136.0,205.57142857142858,192.64285714285714
2025-06-01,212,6,1,6,0,147.0,155.0,213.71428571428572,198.07142857142858
2025-06-02,143,0,0,6,0,212.0,156.0,211.85714285714286,199.35714285714286
2025-06-03,229,1,0,6,0,143.0,194.0,216.85714285714286,198.07142857142858
2025-06-04,237,2,0,6,0,229.0,334.0,203.0,197.35714285714286
2025-06-05,214,3,0,6,0,237.0,239.0,199.42857142857142,200.14285714285714
2025-06-06,122,4,0,6,0,214.0,214.0,186.28571428571428,195.14285714285714
2025-06-07,366,5,1,6,0,122.0,147.0,217.57142857142858,211.57142857142858
2025-06-08,87,6,1,6,0,366.0,212.0,199.71428571428572,206.71428571428572
2025-06-09,76,0,0,6,0,87.0,143.0,190.14285714285714,201.0
2025-06-10,147,1,0,6,0,76.0,229.0,178.42857142857142,197.64285714285714
2025-06-11,209,2,0,6,0,147.0,237.0,174.42857142857142,188.71428571428572
2025-06-12,146,3,0,6,0,209.0,214.0,164.71428571428572,182.07142857142858
2025-06-13,126,4,0,6,0,146.0,122.0,165.28571428571428,175.78571428571428
2025-06-14,142,5,1,6,0,126.0,366.0,133.28571428571428,175.42857142857142
2025-06-15,95,6,1,6,0,142.0,87.0,134.42857142857142,167.07142857142858
2025-06-16,131,0,0,6,0,95.0,76.0,142.28571428571428,166.21428571428572
2025-06-17,160,1,0,6,0,131.0,147.0,144.14285714285714,161.28571428571428
2025-06-18,207,2,0,6,0,160.0,209.0,143.85714285714286,159.14285714285714
2025-06-19,140,3,0,6,1,207.0,146.0,143.0,153.85714285714286
2025-06-20,93,4,0,6,0,140.0,126.0,138.28571428571428,151.78571428571428
2025-06-21,183,5,1,6,0,93.0,142.0,144.14285714285714,138.71428571428572
2025-06-22,77,6,1,6,0,183.0,95.0,141.57142857142858,138.0
2025-06-23,106,0,0,6,0,77.0,131.0,138.0,140.14285714285714
2025-06-24,120,1,0,6,0,106.0,160.0,132.28571428571428,138.21428571428572
2025-06-25,191,2,0,6,0,120.0,207.0,130.0,136.92857142857142
2025-06-26,120,3,0,6,0,191.0,140.0,127.14285714285714,135.07142857142858
2025-06-27,81,4,0,6,0,120.0,93.0,125.42857142857143,131.85714285714286
2025-06-28,118,5,1,6,0,81.0,183.0,116.14285714285714,130.14285714285714
2025-06-29,109,6,1,6,0,118.0,77.0,120.71428571428571,131.14285714285714
2025-06-30,67,0,0,6,0,109.0,106.0,115.14285714285714,126.57142857142857
2025-07-01,174,1,0,7,0,67.0,120.0,122.85714285714286,127.57142857142857
2025-07-02,199,2,0,7,0,174.0,191.0,124.0,127.0
2025-07-03,189,3,0,7,0,199.0,120.0,133.85714285714286,130.5
2025-07-04,87,4,0,7,1,189.0,81.0,134.71428571428572,130.07142857142858
2025-07-05,142,5,1,7,0,87.0,118.0,138.14285714285714,127.14285714285714
2025-07-06,95,6,1,7,0,142.0,109.0,136.14285714285714,128.42857142857142
2025-07-07,119,0,0,7,0,95.0,67.0,143.57142857142858,129.35714285714286
2025-07-08,240,1,0,7,0,119.0,174.0,153.0,137.92857142857142
2025-07-09,116,2,0,7,0,240.0,199.0,141.14285714285714,132.57142857142858
2025-07-10,99,3,0,7,0,116.0,189.0,128.28571428571428,131.07142857142858
2025-07-11,39,4,0,7,0,99.0,87.0,121.42857142857143,128.07142857142858
2025-07-12,78,5,1,7,0,39.0,142.0,112.28571428571429,125.21428571428571
2025-07-13,77,6,1,7,0,78.0,95.0,109.71428571428571,122.92857142857143
2025-07-14,77,0,0,7,0,77.0,119.0,103.71428571428571,123.64285714285714
2025-07-15,94,1,0,7,0,77.0,240.0,82.85714285714286,117.92857142857143
2025-07-16,142,2,0,7,0,94.0,116.0,86.57142857142857,113.85714285714286
2025-07-17,111,3,0,7,0,142.0,99.0,88.28571428571429,108.28571428571429
2025-07-18,63,4,0,7,0,111.0,39.0,91.71428571428571,106.57142857142857
2025-07-19,99,5,1,7,0,63.0,78.0,94.71428571428571,103.5
2025-07-20,78,6,1,7,0,99.0,77.0,94.85714285714286,102.28571428571429
2025-07-21,89,0,0,7,0,78.0,77.0,96.57142857142857,100.14285714285714
2025-07-22,125,1,0,7,0,89.0,94.0,101.0,91.92857142857143
2025-07-23,127,2,0,7,0,125.0,142.0,98.85714285714286,92.71428571428571
2025-07-24,124,3,0,7,0,127.0,111.0,100.71428571428571,94.5
2025-07-25,72,4,0,7,0,124.0,63.0,102.0,96.85714285714286
2025-07-26,164,5,1,7,0,72.0,99.0,111.28571428571429,103.0
2025-07-27,215,6,1,7,0,164.0,78.0,130.85714285714286,112.85714285714286
2025-07-28,149,0,0,7,0,215.0,89.0,139.42857142857142,118.0
2025-07-29,163,1,0,7,0,149.0,125.0,144.85714285714286,122.92857142857143
2025-07-30,238,2,0,7,0,163.0,127.0,160.71428571428572,129.78571428571428
2025-07-31,76,3,0,7,0,238.0,124.0,153.85714285714286,127.28571428571429
2025-08-01,128,4,0,8,0,76.0,72.0,161.85714285714286,131.92857142857142
2025-08-02,179,5,1,8,0,128.0,164.0,164.0,137.64285714285714
2025-08-03,124,6,1,8,0,179.0,215.0,151.0,140.92857142857142
2025-08-04,96,0,0,8,0,124.0,149.0,143.42857142857142,141.42857142857142
2025-08-05,98,1,0,8,0,96.0,163.0,134.14285714285714,139.5
2025-08-06,112,2,0,8,0,98.0,238.0,116.14285714285714,138.42857142857142
2025-08-07,83,3,0,8,0,112.0,76.0,117.14285714285714,135.5
2025-08-08,110,4,0,8,0,83.0,128.0,114.57142857142857,138.21428571428572
2025-08-09,77,5,1,8,0,110.0,179.0,100.0,132.0
2025-08-10,99,6,1,8,0,77.0,124.0,96.42857142857143,123.71428571428571
2025-08-11,61,0,0,8,0,99.0,96.0,91.42857142857143,117.42857142857143
2025-08-12,138,1,0,8,0,61.0,98.0,97.14285714285714,115.64285714285714
2025-08-13,92,2,0,8,0,138.0,112.0,94.28571428571429,105.21428571428571
2025-08-14,244,3,0,8,0,92.0,83.0,117.28571428571429,117.21428571428571
2025-08-15,67,4,0,8,0,244.0,110.0,111.14285714285714,112.85714285714286
2025-08-16,193,5,1,8,0,67.0,77.0,127.71428571428571,113.85714285714286
2025-08-17,69,6,1,8,0,193.0,99.0,123.42857142857143,109.92857142857143
2025-08-18,219,0,0,8,0,69.0,61.0,146.0,118.71428571428571
2025-08-19,123,1,0,8,0,219.0,138.0,143.85714285714286,120.5
2025-08-20,84,2,0,8,0,123.0,92.0,142.71428571428572,118.5
2025-08-21,115,3,0,8,0,84.0,244.0,124.28571428571429,120.78571428571429
2025-08-22,89,4,0,8,0,115.0,67.0,127.42857142857143,119.28571428571429
2025-08-23,172,5,1,8,0,89.0,193.0,124.42857142857143,126.07142857142857
2025-08-24,87,6,1,8,0,172.0,69.0,127.0,125.21428571428571
2025-08-25,191,0,0,8,0,87.0,219.0,123.0,134.5
2025-08-26,114,1,0,8,0,191.0,123.0,121.71428571428571,132.78571428571428
2025-08-27,150,2,0,8,0,114.0,84.0,131.14285714285714,136.92857142857142
2025-08-28,111,3,0,8,0,150.0,115.0,130.57142857142858,127.42857142857143
2025-08-29,71,4,0,8,0,111.0,89.0,128.0,127.71428571428571
2025-08-30,111,5,1,8,0,71.0,172.0,119.28571428571429,121.85714285714286
2025-08-31,74,6,1,8,0,111.0,87.0,117.42857142857143,122.21428571428571
2025-09-01,153,0,0,9,1,74.0,191.0,112.0,117.5
2025-09-02,133,1,0,9,0,153.0,114.0,114.71428571428571,118.21428571428571
2025-09-03,122,2,0,9,0,133.0,150.0,110.71428571428571,120.92857142857143
2025-09-04,154,3,0,9,0,122.0,111.0,116.85714285714286,123.71428571428571
2025-09-05,91,4,0,9,0,154.0,71.0,119.71428571428571,123.85714285714286
2025-09-06,108,5,1,9,0,91.0,111.0,119.28571428571429,119.28571428571429
2025-09-07,78,6,1,9,0,108.0,74.0,119.85714285714286,118.64285714285714
2025-09-08,73,0,0,9,0,78.0,153.0,108.42857142857143,110.21428571428571
2025-09-09,146,1,0,9,0,73.0,133.0,110.28571428571429,112.5
2025-09-10,187,2,0,9,0,146.0,122.0,119.57142857142857,115.14285714285714
2025-09-11,129,3,0,9,0,187.0,154.0,116.0,116.42857142857143
2025-09-12,201,4,0,9,0,129.0,91.0,131.71428571428572,125.71428571428571
2025-09-13,193,5,1,9,0,201.0,108.0,143.85714285714286,131.57142857142858
2025-09-14,151,6,1,9,0,193.0,78.0,154.28571428571428,137.07142857142858
2025-09-15,148,0,0,9,0,151.0,73.0,165.0,136.71428571428572
2025-09-16,129,1,0,9,0,148.0,146.0,162.57142857142858,136.42857142857142
2025-09-17,210,2,0,9,0,129.0,187.0,165.85714285714286,142.71428571428572
2025-09-18,128,3,0,9,0,210.0,129.0,165.71428571428572,140.85714285714286
2025-09-19,135,4,0,9,0,128.0,201.0,156.28571428571428,144.0
2025-09-20,174,5,1,9,0,135.0,193.0,153.57142857142858,148.71428571428572
2025-09-21,106,6,1,9,0,174.0,151.0,147.14285714285714,150.71428571428572
2025-09-22,170,0,0,9,0,106.0,148.0,150.28571428571428,157.64285714285714
2025-09-23,170,1,0,9,0,170.0,129.0,156.14285714285714,159.35714285714286
2025-09-24,152,2,0,9,0,170.0,210.0,147.85714285714286,156.85714285714286
2025-09-25,316,3,0,9,0,152.0,128.0,174.71428571428572,170.21428571428572
2025-09-26,185,4,0,9,0,316.0,135.0,181.85714285714286,169.07142857142858
2025-09-27,133,5,1,9,0,185.0,174.0,176.0,164.78571428571428
2025-09-28,102,6,1,9,0,133.0,106.0,175.42857142857142,161.28571428571428
2025-09-29,144,0,0,9,0,102.0,170.0,171.71428571428572,161.0
2025-09-30,335,1,0,9,0,144.0,170.0,195.28571428571428,175.71428571428572
2025-10-01,136,2,0,10,0,335.0,152.0,193.0,170.42857142857142
2025-10-02,86,3,0,10,0,136.0,316.0,160.14285714285714,167.42857142857142
2025-10-03,184,4,0,10,0,86.0,185.0,160.0,170.92857142857142
2025-10-04,157,5,1,10,0,184.0,133.0,163.42857142857142,169.71428571428572
2025-10-05,128,6,1,10,0,157.0,102.0,167.14285714285714,171.28571428571428
2025-10-06,96,0,0,10,0,128.0,144.0,160.28571428571428,166.0
2025-10-07,210,1,0,10,0,96.0,335.0,142.42857142857142,168.85714285714286
2025-10-08,175,2,0,10,0,210.0,136.0,148.0,170.5
2025-10-09,172,3,0,10,0,175.0,86.0,160.28571428571428,160.21428571428572
2025-10-10,115,4,0,10,0,172.0,184.0,150.42857142857142,155.21428571428572
2025-10-11,214,5,1,10,0,115.0,157.0,158.57142857142858,161.0
2025-10-12,176,6,1,10,0,214.0,128.0,165.42857142857142,166.28571428571428
2025-10-13,221,0,0,10,1,176.0,96.0,183.28571428571428,171.78571428571428
2025-10-14,178,1,0,10,0,221.0,210.0,178.71428571428572,160.57142857142858
2025-10-15,146,2,0,10,0,178.0,175.0,174.57142857142858,161.28571428571428
2025-10-16,121,3,0,10,0,146.0,172.0,167.28571428571428,163.78571428571428
2025-10-17,142,4,0,10,0,121.0,115.0,171.14285714285714,160.78571428571428
2025-10-18,167,5,1,10,0,142.0,214.0,164.42857142857142,161.5
2025-10-19,154,6,1,10,0,167.0,176.0,161.28571428571428,163.35714285714286
2025-10-20,90,0,0,10,0,154.0,221.0,142.57142857142858,162.92857142857142
2025-10-21,146,1,0,10,0,90.0,178.0,138.0,158.35714285714286
2025-10-22,192,2,0,10,0,146.0,146.0,144.57142857142858,159.57142857142858
2025-10-23,142,3,0,10,0,192.0,121.0,147.57142857142858,157.42857142857142
2025-10-24,126,4,0,10,0,142.0,142.0,145.28571428571428,158.21428571428572
2025-10-25,183,5,1,10,0,126.0,167.0,147.57142857142858,156.0
2025-10-26,88,6,1,10,0,183.0,154.0,138.14285714285714,149.71428571428572
2025-10-27,154,0,0,10,0,88.0,90.0,147.28571428571428,144.92857142857142
2025-10-28,179,1,0,10,0,154.0,146.0,152.0,145.0
2025-10-29,213,2,0,10,0,179.0,192.0,155.0,149.78571428571428
2025-10-30,132,3,0,10,0,213.0,142.0,153.57142857142858,150.57142857142858
2025-10-31,96,4,0,10,0,132.0,126.0,149.28571428571428,147.28571428571428
2025-11-01,231,5,1,11,0,96.0,183.0,156.14285714285714,151.85714285714286
2025-11-02,125,6,1,11,0,231.0,88.0,161.42857142857142,149.78571428571428
2025-11-03,252,0,0,11,0,125.0,154.0,175.42857142857142,161.35714285714286
2025-11-04,229,1,0,11,0,252.0,179.0,182.57142857142858,167.28571428571428
2025-11-05,128,2,0,11,0,229.0,213.0,170.42857142857142,162.71428571428572
2025-11-06,200,3,0,11,0,128.0,132.0,180.14285714285714,166.85714285714286
2025-11-07,273,4,0,11,0,200.0,96.0,205.42857142857142,177.35714285714286
2025-11-08,180,5,1,11,0,273.0,231.0,198.14285714285714,177.14285714285714
2025-11-09,137,6,1,11,0,180.0,125.0,199.85714285714286,180.64285714285714
2025-11-10,133,0,0,11,0,137.0,252.0,182.85714285714286,179.14285714285714
2025-11-11,242,1,0,11,1,133.0,229.0,184.71428571428572,183.64285714285714
2025-11-12,225,2,0,11,0,242.0,128.0,198.57142857142858,184.5
2025-11-13,229,3,0,11,0,225.0,200.0,202.71428571428572,191.42857142857142
2025-11-14,167,4,0,11,0,229.0,273.0,187.57142857142858,196.5
2025-11-15,174,5,1,11,0,167.0,180.0,186.71428571428572,192.42857142857142
2025-11-16,136,6,1,11,0,174.0,137.0,186.57142857142858,193.21428571428572
2025-11-17,148,0,0,11,0,136.0,133.0,188.71428571428572,185.78571428571428
2025-11-18,158,1,0,11,0,148.0,242.0,176.71428571428572,180.71428571428572
2025-11-19,223,2,0,11,0,158.0,225.0,176.42857142857142,187.5
2025-11-20,223,3,0,11,0,223.0,229.0,175.57142857142858,189.14285714285714
2025-11-21,169,4,0,11,0,223.0,167.0,175.85714285714286,181.71428571428572
2025-11-22,129,5,1,11,0,169.0,174.0,169.42857142857142,178.07142857142858
2025-11-23,111,6,1,11,0,129.0,136.0,165.85714285714286,176.21428571428572
2025-11-24,269,0,0,11,0,111.0,148.0,183.14285714285714,185.92857142857142
2025-11-25,197,1,0,11,0,269.0,158.0,188.71428571428572,182.71428571428572
2025-11-26,261,2,0,11,0,197.0,223.0,194.14285714285714,185.28571428571428
2025-11-27,330,3,0,11,1,261.0,223.0,209.42857142857142,192.5
2025-11-28,154,4,0,11,0,330.0,169.0,207.28571428571428,191.57142857142858
2025-11-29,205,5,1,11,0,154.0,129.0,218.14285714285714,193.78571428571428
2025-11-30,174,6,1,11,0,205.0,111.0,227.14285714285714,196.5
2025-12-01,213,0,0,12,0,174.0,269.0,219.14285714285714,201.14285714285714
2025-12-02,262,1,0,12,0,213.0,197.0,228.42857142857142,208.57142857142858
2025-12-03,260,2,0,12,0,262.0,261.0,228.28571428571428,211.21428571428572
2025-12-04,221,3,0,12,0,260.0,330.0,212.71428571428572,211.07142857142858
2025-12-05,136,4,0,12,0,221.0,154.0,210.14285714285714,208.71428571428572
2025-12-06,221,5,1,12,0,136.0,205.0,212.42857142857142,215.28571428571428
2025-12-07,220,6,1,12,0,221.0,174.0,219.0,223.07142857142858
2025-12-08,158,0,0,12,0,220.0,213.0,211.14285714285714,215.14285714285714
2025-12-09,204,1,0,12,0,158.0,262.0,202.85714285714286,215.64285714285714
2025-12-10,151,2,0,12,0,204.0,260.0,187.28571428571428,207.78571428571428
2025-12-11,183,3,0,12,0,151.0,221.0,181.85714285714286,197.28571428571428
2025-12-12,165,4,0,12,0,183.0,136.0,186.0,198.07142857142858
2025-12-13,320,5,1,12,0,165.0,221.0,200.14285714285714,206.28571428571428
2025-12-14,138,6,1,12,0,320.0,220.0,188.42857142857142,203.71428571428572
2025-12-15,157,0,0,12,0,138.0,158.0,188.28571428571428,199.71428571428572
2025-12-16,180,1,0,12,0,157.0,204.0,184.85714285714286,193.85714285714286
2025-12-17,316,2,0,12,0,180.0,151.0,208.42857142857142,197.85714285714286
2025-12-18,246,3,0,12,0,316.0,183.0,217.42857142857142,199.64285714285714
2025-12-19,156,4,0,12,0,246.0,165.0,216.14285714285714,201.07142857142858
2025-12-20,199,5,1,12,0,156.0,320.0,198.85714285714286,199.5
2025-12-21,160,6,1,12,0,199.0,138.0,202.0,195.21428571428572
2025-12-22,266,0,0,12,0,160.0,157.0,217.57142857142858,202.92857142857142
2025-12-23,307,1,0,12,0,266.0,180.0,235.71428571428572,210.28571428571428
2025-12-24,181,2,0,12,0,307.0,316.0,216.42857142857142,212.42857142857142
2025-12-25,133,3,0,12,1,181.0,246.0,200.28571428571428,208.85714285714286
2025-12-26,227,4,0,12,0,133.0,156.0,210.42857142857142,213.28571428571428
2025-12-27,145,5,1,12,0,227.0,199.0,202.71428571428572,200.78571428571428
2025-12-28,238,6,1,12,0,145.0,160.0,213.85714285714286,207.92857142857142
2025-12-29,171,0,0,12,0,238.0,266.0,200.28571428571428,208.92857142857142
2025-12-30,228,1,0,12,0,171.0,307.0,189.0,212.35714285714286
2025-12-31,254,2,0,12,0,228.0,181.0,199.42857142857142,207.92857142857142
2026-01-01,223,3,0,1,1,254.0,133.0,212.28571428571428,206.28571428571428
2026-01-02,146,4,0,1,0,223.0,227.0,200.71428571428572,205.57142857142858
2026-01-03,174,5,1,1,0,146.0,145.0,204.85714285714286,203.78571428571428
2026-01-04,138,6,1,1,0,174.0,238.0,190.57142857142858,202.21428571428572
2026-01-05,148,0,0,1,0,138.0,171.0,187.28571428571428,193.78571428571428
2026-01-06,337,1,0,1,0,148.0,228.0,202.85714285714286,195.92857142857142
2026-01-07,223,2,0,1,0,337.0,254.0,198.42857142857142,198.92857142857142
2026-01-08,138,3,0,1,0,223.0,223.0,186.28571428571428,199.28571428571428
2026-01-09,216,4,0,1,0,138.0,146.0,196.28571428571428,198.5
2026-01-10,180,5,1,1,0,216.0,174.0,197.14285714285714,201.0
2026-01-11,120,6,1,1,0,180.0,138.0,194.57142857142858,192.57142857142858
2026-01-12,159,0,0,1,0,120.0,148.0,196.14285714285714,191.71428571428572
2026-01-13,197,1,0,1,0,159.0,337.0,176.14285714285714,189.5
2026-01-14,184,2,0,1,0,197.0,223.0,170.57142857142858,184.5
2026-01-15,239,3,0,1,0,184.0,138.0,185.0,185.64285714285714
2026-01-16,150,4,0,1,0,239.0,216.0,175.57142857142858,185.92857142857142
2026-01-17,186,5,1,1,0,150.0,180.0,176.42857142857142,186.78571428571428
2026-01-18,168,6,1,1,0,186.0,120.0,183.28571428571428,188.92857142857142
2026-01-19,162,0,0,1,1,168.0,159.0,183.71428571428572,189.92857142857142
2026-01-20,166,1,0,1,0,162.0,197.0,179.28571428571428,177.71428571428572
2026-01-21,196,2,0,1,0,166.0,184.0,181.0,175.78571428571428
2026-01-22,167,3,0,1,0,196.0,239.0,170.71428571428572,177.85714285714286
2026-01-23,181,4,0,1,0,167.0,150.0,175.14285714285714,175.35714285714286
2026-01-24,187,5,1,1,0,181.0,186.0,175.28571428571428,175.85714285714286
2026-01-25,202,6,1,1,0,187.0,168.0,180.14285714285714,181.71428571428572
2026-01-26,224,0,0,1,0,202.0,162.0,189.0,186.35714285714286
2026-01-27,161,1,0,1,0,224.0,166.0,188.28571428571428,183.78571428571428
2026-01-28,193,2,0,1,0,161.0,196.0,187.85714285714286,184.42857142857142
2026-01-29,184,3,0,1,0,193.0,167.0,190.28571428571428,180.5
2026-01-30,146,4,0,1,0,184.0,181.0,185.28571428571428,180.21428571428572
2026-01-31,174,5,1,1,0,146.0,187.0,183.42857142857142,179.35714285714286
2026-02-01,196,6,1,2,0,174.0,202.0,182.57142857142858,181.35714285714286
2026-02-02,138,0,0,2,0,196.0,224.0,170.28571428571428,179.64285714285714
2026-02-03,199,1,0,2,0,138.0,161.0,175.71428571428572,182.0
2026-02-04,185,2,0,2,0,199.0,193.0,174.57142857142858,181.21428571428572
2026-02-05,141,3,0,2,0,185.0,184.0,168.42857142857142,179.35714285714286
2026-02-06,211,4,0,2,0,141.0,146.0,177.71428571428572,181.5
2026-02-07,186,5,1,2,0,211.0,174.0,179.42857142857142,181.42857142857142
2026-02-08,181,6,1,2,0,186.0,196.0,177.28571428571428,179.92857142857142
2026-02-09,182,0,0,2,0,181.0,138.0,183.57142857142858,176.92857142857142
2026-02-10,202,1,0,2,0,182.0,199.0,184.0,179.85714285714286
2026-02-11,127,2,0,2,0,202.0,185.0,175.71428571428572,175.14285714285714
2026-02-12,265,3,0,2,0,127.0,141.0,193.42857142857142,180.92857142857142
2026-02-13,153,4,0,2,0,265.0,211.0,185.14285714285714,181.42857142857142
2026-02-14,194,5,1,2,0,153.0,186.0,186.28571428571428,182.85714285714286
2026-02-15,150,6,1,2,0,194.0,181.0,181.85714285714286,179.57142857142858
2026-02-16,97,0,0,2,1,150.0,182.0,169.71428571428572,176.64285714285714
2026-02-17,132,1,0,2,0,97.0,202.0,159.71428571428572,171.85714285714286
2026-02-18,139,2,0,2,0,132.0,127.0,161.42857142857142,168.57142857142858
2026-02-19,204,3,0,2,0,139.0,265.0,152.71428571428572,173.07142857142858
2026-02-20,161,4,0,2,0,204.0,153.0,153.85714285714286,169.5
2026-02-21,212,5,1,2,0,161.0,194.0,156.42857142857142,171.35714285714286
2026-02-22,141,6,1,2,0,212.0,150.0,155.14285714285714,168.5
2026-02-23,161,0,0,2,0,141.0,97.0,164.28571428571428,167.0
2026-02-24,157,1,0,2,0,161.0,132.0,167.85714285714286,163.78571428571428
2026-02-25,169,2,0,2,0,157.0,139.0,172.14285714285714,166.78571428571428
2026-02-26,210,3,0,2,0,169.0,204.0,173.0,162.85714285714286
2026-02-27,134,4,0,2,0,210.0,161.0,169.14285714285714,161.5
2026-02-28,182,5,1,2,0,134.0,212.0,164.85714285714286,160.64285714285714
2026-03-01,178,6,1,3,0,182.0,141.0,170.14285714285714,162.64285714285714
2026-03-02,150,0,0,3,0,178.0,161.0,168.57142857142858,166.42857142857142
2026-03-03,176,1,0,3,0,150.0,157.0,171.28571428571428,169.57142857142858
2026-03-04,163,2,0,3,0,176.0,169.0,170.42857142857142,171.28571428571428
2026-03-05,149,3,0,3,0,163.0,210.0,161.71428571428572,167.35714285714286
2026-03-06,148,4,0,3,0,149.0,134.0,163.71428571428572,166.42857142857142
2026-03-07,202,5,1,3,0,148.0,182.0,166.57142857142858,165.71428571428572
2026-03-08,139,6,1,3,0,202.0,178.0,161.0,165.57142857142858
2026-03-09,144,0,0,3,0,139.0,150.0,160.14285714285714,164.35714285714286
2026-03-10,147,1,0,3,0,144.0,176.0,156.0,163.64285714285714
2026-03-11,128,2,0,3,0,147.0,163.0,151.0,160.71428571428572
2026-03-12,186,3,0,3,0,128.0,149.0,156.28571428571428,159.0
2026-03-13,145,4,0,3,0,186.0,148.0,155.85714285714286,159.78571428571428
2026-03-14,165,5,1,3,0,145.0,202.0,150.57142857142858,158.57142857142858
2026-03-15,160,6,1,3,0,165.0,139.0,153.57142857142858,157.28571428571428
2026-03-16,191,0,0,3,0,160.0,144.0,160.28571428571428,160.21428571428572
2026-03-17,197,1,0,3,0,191.0,147.0,167.42857142857142,161.71428571428572
2026-03-18,181,2,0,3,0,197.0,128.0,175.0,163.0
2026-03-19,188,3,0,3,0,181.0,186.0,175.28571428571428,165.78571428571428
2026-03-20,159,4,0,3,0,188.0,145.0,177.28571428571428,166.57142857142858
2026-03-21,159,5,1,3,0,159.0,165.0,176.42857142857142,163.5
2026-03-22,98,6,1,3,0,159.0,160.0,167.57142857142858,160.57142857142858
2026-03-23,126,0,0,3,0,98.0,191.0,158.28571428571428,159.28571428571428
2026-03-24,156,1,0,3,0,126.0,197.0,152.42857142857142,159.92857142857142
2026-03-25,191,2,0,3,0,156.0,181.0,153.85714285714286,164.42857142857142
2026-03-26,166,3,0,3,0,191.0,188.0,150.71428571428572,163.0
2026-03-27,174,4,0,3,0,166.0,159.0,152.85714285714286,165.07142857142858
2026-03-28,211,5,1,3,0,174.0,159.0,160.28571428571428,168.35714285714286
2026-03-29,125,6,1,3,0,211.0,98.0,164.14285714285714,165.85714285714286
2026-03-30,89,0,0,3,0,125.0,126.0,158.85714285714286,158.57142857142858
2026-03-31,134,1,0,3,0,89.0,156.0,155.71428571428572,154.07142857142858
